domain,EC,SI,YP,yelp,title,desc,country,category,notes
perfcake.org,Yes,,,,PerfCake -- A Lightweight Performance Testing Framework,A Lightweight Performance Testing Framework PerfCake,,,
postnuptialagreement.org,Yes,,,,,,,,
bchinfo.org,Yes,,,,,,,,
protestintheusa.org,,,,,,,,,
healthsmartconsumers.org,,,,,,,,,
yikhani.org,Yes,,,,Homepage - Aperture - Yikhani,,,,
schmidtroofing.org,Yes,,,Yes,SCHMIDT ROOFING ,,,,KW
noixduquebec.org,,,,,,,,,
opensourceforwindows.org,Yes,,,,Open Source For Windows | Free Open Source Software for Windows,,UA,,
lancastermarionette.org,,,,,,,,,
salisburypc.org,,,,,,,,,
bogodev.org,Yes,,,,,,,,
neworleans-saints.org,Yes,,,,,,,,
agetek.org,,,,,,,,,
nanodesutranslations.org,Yes,,,,,,US,,
littlelolas.org,Yes,Yes,,,Redirecting...,,RU,,
911accountability.org,,,,,,,,,
bethisrael-maine.org,Yes,,,,Default Web Site Page,,,,
azhec.org,Yes,,,,Home,"In partnership with thousands of healthcare providers, we are revolutionizing the way medical professionals use digital ...",US,,
springboardfestival.org,,,,,,,,,
adoptasoldierdoorcounty.org,,,,,,,,,
projectreconnect.org,,,,,,,,,
stkieranchurch.org,Yes,,,Yes,St. Kieran Church – ST. Kieran Parish news,ST. Kieran Parish news,,,
eograndrapids.org,Yes,,,,Entrepreneurs' Organization | EO West Michigan,,,,
missingabroad.org,,,,,,,,,
eewn.org,Yes,,,,,,US,,
dkoiraq.org,Yes,,,,,,,,
htaitaly.org,,Yes,,,N/A,,,,
linearb.org,,,,,,,,,
rentaplace.org,Yes,,,,,,,,
atalabs.org,Yes,Yes,,,Home - Assistive Technology Accelerator,,,,
holycrosselc.org,Yes,,,,"Holy Cross Early Learning Center - Christian Preschool and Day Care - Highlands Ranch and Littleton,...","Holy Cross Early Learning Center is a Christian preschool, prekindergarten and day care serving Highlands Ranch, Littlet...",,,
livermorecharterschool.org,,,,,,,,,
wandactioncenter.org,,,,,,,,,
spoman-os.org,Yes,,,,No website is currently present on this hostname,"The website you are trying to reach could be suspended, deleted or DNS could be incorrect",,,
remingtonsheart.org,,,,,,,,,
ch601.org,Yes,,,,,BD303 Situs Slot Gacor Depo 25 Bonus 25 dengan TO Kecil Bonus 100 Di Awal untuk new member to 1x 2x 3x 5x 10x dan ada ju...,,,
sjalakeland.org,Yes,,,Yes,ST JOSEPH ACADEMY ,,,,
hirealonghorn.org,Yes,,,,What type of user are you?,,US,,
accionnews.org,,,,,,,,,
privacydaily.org,,,,,,,,,
sagharborfarmersmarket.org,,,,,,,,,
hvmh.org,Yes,,,Yes,You are being redirected...,,,,
jeunes-online.org,Yes,,,,,,,,
alphaermis.org,Yes,,,,Alpha Ermis Real Estate - Just another WordPress site,"Home | Alpha Ermis Real Estate - Just another WordPress site,",,,
girl2leader.org,,,,,,,,,
hgh-research.org,,,,,,,,,
musicadelpueblo.org,,,,,,,,,
cgipa.com,,,,,,,,,
slbbs.com,Yes,,,,,,,,
gayboystubetv.com,Yes,Yes,,,N/A,,RU,,
babeltrio.com,Yes,,,,Babel Trio | Official Website,Roots electrified in the island of cretal. Pure Babelism.,,,
gartner-group.com,,,,,,,,,
dosugo.com,Yes,,,,porkbun.com | parked domain,,,,
seasonsinn.com,,,,,,,,,
elizabethfarnum.com,,,,,,,,,
elexifyindustries.com,Yes,,,,,,IN,,
bruno-mathsson-int.com,,,,,,,,,
zieglerwoodworkandspecialty.com,,,,,,,,,
mythofstress.com,,,,,,,,,
thejapanblade.com,Yes,,,,,,,,
benfoss.com,Yes,Yes,,,Ben Foss,,,,
aboyandhisbike.com,,,,,,,,,
java-entrepreneur.com,,,,,,,,,
euromoneythoughtleadership.com,Yes,Yes,,,Thought Leadership Consulting | B2B Content Marketing Leaders,"Thought Leadership Consulting research and original content provides clients with unique thought provoking marketing campaigns, leading the way in connect",KW,,
faithandgeekery.com,,,,,,,,,
maisfm-radioweb.com,,,,,,,,,
heatingandcoolingbirmingham.net,,,,,,,,,
ke-ride.net,,,,,,,,,
kraftpulping.com,,,,,,,,,
advancedenergysystemsusa.com,,,,,,,,,
anselmosbistroandbar.com,Yes,,,Yes - 82,Anselmo's Bistro & Bar ,"18岁禁止网址,18岁禁止在线观看网站,18岁可以看的网站,18岁免看一级黄片,18岁女人AAA",,,
caesarbeware.com,,,,,,,,,
guignol-lyon.net,Yes,Yes,,Yes,THÉÂTRE LE GUIGNOL DE LYON ,"Situé au 2 rue Louis Carrand, 69005 Lyon. Le Théâtre le Guignol de Lyon est animé par la compagnie M.A. Spectacles de Guignol pour les enfants et en famille. Spectacle de Guignol satiriques pour les adultes. Créations marionnettes contemporaines. Collection de 260 marionnettes à gaine traditionnelles lyonnaises.",,,
dansa-foods.com,Yes,,,,,,ID,,
cheapestbootsus.com,,,,,,,,,
zanylaughs.com,,,,,,,,,
telemetryverification.com,,,,,,,,,
obtechglobal.com,,,,,,,,,
revdigitalgroup.com,Yes,,,,,,,,
vectoroom.com,,,,,,,,,
brokenonallsides.com,Yes,,,,"Broken On All Sides: Race, Mass Incarceration & New Visions for Criminal Justice in the U.S.",,,,
leaderinsales.com,,Yes,,,LEADER IN SALES LLC – A Business Resource for Everyone,,,,
asonblog.com,Yes,,,,,尹人久久久香蕉精品_国产成人综合久久三区_久久国产精品无码hd_久久国产情侣露脸精品_国产高清亚洲日韩字幕一区_亚洲国产精品视频2019,,,
changsphoto.com,,,,,,,,,
gyrotonichouston.com,,,,,,,,,
rydbikes.com,Yes,,,Yes - 5,RYD BIKES ,,,,
runjosharthur.com,Yes,,,,NameBright - Domain Expired,,,,
allaboutxiaomi.com,Yes,Yes,,,All About Xiaomi - Know Everything About Xiaomi,"All About Xiaomi provides an independent source of news, guide, tricks, apps and more to the Xiaomi ecosystem.",IN,,
topplanetlist.com,Yes,Yes,,,Top Planet List - All Your Top Lists Will Be Here,All Your Top Lists Will Be Here,US,,
faborobot.com,Yes,Yes,,,Fabo Robot - From Trends to News,토토사이트 [바코드] ☑️청소년토토사이트✅️토토사이트순위☑️토토사이트추천|승인전화없는토토사이트|토토사이트모음|합법토토사이트토토사이트도메인|사설토토사이트|오래된토토사이트|토토사이트주소|토토사이트목록|토토사이트검증|국내...,,,
dietsurvival.net,,,,,,,,,
wastenotshop.net,,,,,,,,,
meritharborcapital.com,Yes,,,,Middle Market Investment Bank | Merit Harbor Capital,Consult Merit Harbor Capital to get unmatched Merger &amp; Acquisition consulting services. We stand amongst the most depend...,US,,
madametutliputli.com,,,,,,,,,
surveylila.com,,Yes,,,SurveyLila • Restaurant & Food Surveys,SurveyLila is a popular survey's blog that covers Restaurant & Food Surveys & Customer feedback related articles.,,,
tileexpogranite.com,Yes,,,Yes - 3,"Flooring & Remodeling Shop Lewisville TX - Carpet, Bathroom, Kitchen",Welcome To A1 Flooring and Granite Flooring &amp; Remodeling Shop - Browse our Wide Range of Flooring Options For Your Kitch...,,,KW
amaffair.com,,,,,,,,,
scottish-art.com,,,,,,,,,
weisereclipse2017.com,Yes,,,,,電子書籍アマリリスおすすめウメランキング,US,,
bhestore.com,,,,,,,,,
riverinter.net,Yes,Yes,,,River Internet - All apple,"Get the latest News, Guides and more of the innovation giant; Apple.",US,,
silentzebra.com,,,,,,,,,
scottcsmith.net,,,,,,,,,
intesolu.com,Yes,,,,,,,,
quiltingqueenonline.com,Yes,Yes,,,Default Web Site Page,,,,
hebsign.com,Yes,,,,News Scrapper,Web site created using create-react-app,,,
vietchamexpo.com,,,,,,,,,
joelabonia.com,,,,,,,,,
fearbush.com,Yes,,,,,"小╳福利视频导航,致力传播经典,弘扬健康生活,每日定时更新,绝伦的精彩,HOLD不住,动起来!",,,
wpcub.com,Yes,,,,,wpcub.com Bu web sayfası TURKTICARET.Net tarafından ücretsiz park edildi.,US,,
happy-pixels.com,Yes,,,,,"少妇又紧又深又湿又爽视频廣大網友提供最新影片,香港日本三级久久久久久每天将为您更新AV无码成人精品区狼人影院,www.happy-pixels.com24小時不間斷更新,亚洲国产精品嫩草AV讓您感受新時代的視覺體驗!",RU,,
imohtava.com,Yes,,,,,,IR,,
suburbanwaterheater.com,Yes,,,Yes - 1,SUBURBAN WATER HEATER ,,,,
mandarin-garden.net,,,,,,,,,
thedailyny.com,Yes,,,,The Daily New York – Est. 2012,Est. 2012,,,
shifusays.net,,,,,,,,,
browniecrunch.com,,,,,,,,,
vinnieshotfoods.com,,,,,,,,,
listkingpro.com,Yes,,,,"Listkingpro.com is for sale. Listkingpro.com is a domain about email lists and lists,marketing.","Here is a brand name that is clear and memorable. This is a one owner 18 year old .net domain name. Email lists, custome...",,,
rbmichaels.com,,,,,,,,,
idreamedanisland.com,,,,,,,,,
intlmedshop.com,Yes,Yes,,,affordable pills for sale here Pharmaceuticals Medshop,pills for sale online | affordable pills for sale| where to buy pain pills online| where to buy pills near me| buy pills online without prescription,,,KW
starsoccersa.com,,,,,,,,,
b-dag.com,Yes,,,,,,,,
just-one-more-card.com,Yes,,,,,"中文字幕精品无码一区二区三区,欧美大片在线观看完整版,女人自慰喷潮a片免费观看,极品少妇被猛得直流白浆",US,,
beaverairtours.com,Yes,,,Yes - 10,"Lake Country Air, LLC","Plan a trip of a lifetime with Beaver Air Tours &amp; Lake Country Air, LLC. on Duluth, Minnesota. We look forward to creati...",,,
radioarddi.com,Yes,,,,,"토토사이트:안전놀이터【토토바코드】✅️메이저사이트,메이저놀이터☑️사설토토,순위,추천,스포츠토토,목록,토토,모음,검증 정보가 필요하다면 업데이트가 제일 신속하고 정확한 토토바코드 토토사이트에서 확인해보세요. 먹튀검증 완...",EG,,
linkdisguiser.com,Yes,,,,,,,,
esprm2016.com,Yes,,,,,,RU,,
cheapjerseyssafe.com,Yes,,,,,"尤物视频网站免费进去|无码日韩NV视频|亚洲和日本操逼片|老司机天天操美女|一级黄色AV录像在线观看|亚洲综合在线观看日本美女|欧美一高高清,欧美黄片",,,
meryem.com,Yes,,,Yes,Meryem – Psychic | Clairvoyant | Medium,,,,
gardenmanuals.com,Yes,,,,,,,,
free-brands.com,,,,,,,,,
articulos-espanoles.com,Yes,,,,ARTICULOS-ESPANOLES.COM,Forsale Lander,,,
kissntells.com,Yes,,,,Account Suspended,,,,
createyourlike.com,Yes,Yes,,,Loading...,,IN,,
adlerrealtyltd.com,Yes,,,,,,,,
aafcl.com,,Yes,,,N/A,,,,
salipay.com,Yes,,,,,,DE,,
biankaoravecz.com,,,,,,,,,
mukulmunir.com,Yes,,,,Monirul islam - Mukul Monir's Portfolio,About Me,RU,,
theelbowjax.com,Yes,,,Yes - 5,THE ELBOW ,,,,
mgohar.com,Yes,,,,,"5163银河手机版(中国)官方网站是一家专业的在线游戏平台,美女荷官24小时等你来战,拥有AG真人娱乐、体育在线投注、彩票、老虎机等等火爆游戏供大家玩耍,天天送豪礼。",PK,,
tiam-steel.com,Yes,,,,,,,,
sitstaypet.net,Yes,,,Yes - 20,Reconnect Your Domain | Wix.com,"This domain used to be connected to a Wix website. Learn how to reconnect it, or create your own website.",,,
sava-music.com,,,,,,,,,
penelopepeapod.com,,,,,,,,,
dealingwithtechnology.com,,,,,,,,,
gumag.net,,,,,,,,,
jkrfan.com,Yes,,,,Home - Jkrfan,,,,
wapuki.com,Yes,,,,,This website is for sale! wapuki.com is your first and best source for all of the information you’re looking for. From g...,PK,,
phillmeupokc.com,Yes,,,Yes - 21,Phill Me Up Cheesesteaks | Authentic Cheesesteaks | Oklahoma City,Phill Me Up Cheesesteaks | Let us Phill You Up! Follow us for the latest updates on your favorite Oklahoma City food tru...,,,
thirasaara.com,Yes,Yes,,,인터넷 바카라 사이트 – 예스 카지노♠SM 카지노♠파라오 카지노♠골목 게임♠모나코 카지노♠에볼루션 카지노♠베스트 카지노♠개츠비 카지노♠크레이지 슬롯♠카니발 카지노,,LK,,
weedkillercrisis.com,Yes,Yes,,,Weed Killer Crisis 2020 - Tracking The Unfolding Health & Legal Crisis Surrounding Weed Killer Products,"WeedKillerCrisis.com is an organization dedicated to tracking the unfolding health and legal crisis as a result of exposure by popular weed killer products. Sponsored by Law firm of Baker, Brown & Dixon.",,,KW
bloggerheroe.com,Yes,,,,,,PH,,
shortcornerslongprose.com,,,,,,,,,
hattu.net,,,,,,,,,
mailmillions.com,Yes,,,,,,US,,
marcyphoto.com,,,,,,,,,
dartweekly.com,,,,,,,,,
buysoundplays.com,Yes,,,,,,,,
byabout.com,,,,,,,,,
laurasnapes.com,,,,,,,,,
auctioncenterusa.com,Yes,,,Yes,"AUCTION CENTER USA, INC. ",,,,
frontporchband.com,,,,,,,,,
libertin-dune.com,Yes,,,,,Libertin DUNE Magazine Official Site,,,
sanyemodel.com,,,,,,,,,
scifront.com,,Yes,,,Science Front | The Front Page for Science and Technology,,,,
wynlok.com,,,,,,,,,
reviewsblaze.com,,,,,,,,,
cyngoseek.com,Yes,,,,,,,,
golfswingfreak.com,Yes,,,,Welcome to nginx!,,,,
fincastlecountryclub.com,,,,,,,,,
recrack.com,Yes,,,,,This domain may be for sale!,,,
we-are-gamers.com,Yes,,,,,,TR,,
liverpoolclubjersey.com,,,,,,,,,
forum-le-nautile.com,Yes,,,,,Cauvo capital подробный обзор условий брокера. Детальное рассмотрение торговых условий,,,
fromhollandwithlove.com,Yes,,,,,,,,
polycoretherapeutics.com,,,,,,,,,
trebuchetgame.net,,,,,,,,,
connectionpointcentre.com,,,,,,,,,
lacasacountry.com,Yes,,,Yes - 27,LA CASA COUNTRY ,La Casa Country,,,
goingkuwaiti.com,Yes,,,,,,,,
trailhunger.com,,,,,,,,,
racerevo.com,Yes,,,,RaceRevo,,,,
revengeunlimited.com,,,,,,,,,
northvillefoodwine.com,Yes,,,,Reconnect Your Domain | Wix.com,"This domain used to be connected to a Wix website. Learn how to reconnect it, or create your own website.",,,
sunduvan.com,Yes,,,,,pendidikanmalaysia.com,,,
payinguests.com,Yes,Yes,,,"Paying Guest Accommodation for students,professionals and tourists. [Shared|Homestays|Roommates|Boarders|Hostels]Mumbai,Bangalore,Chennai,Delhi,Kolkotta Chandigarh","FREE ADVERTISEMENTS,Payinguests,Paying Guests Search,rent flat,independent houses, paying guest accommodation, payingguest accommodation, room mate, roommate, home tolet, to let, sub lease, shared room, long term hotel",IN,,KW
mathiseasy.net,Yes,,,,,,US,,
iconographics.net,Yes,,,,Icono Graphics,Online Payroll Outsourcing,,,
anglicanchurchcrapaud.com,,,,,,,,,
teacherontwowheels.com,Yes,,,,,,,,
beyondtheboundarywheelchairs.com,Yes,,,,TempOut - Beyond The Boundary Wheelchairs,"The ultimate source for lightweight, off road, all terrain, manual &amp; powered Trekinetic wheelchairs. Contact us at beyon...",,,
jagsonairlines.com,,,,,,,,,
tiffanyapan.com,,,,,,,,,
mo-og.net,Yes,,,,,摩登3平台⎝⎛（1960注册）⎞⎠亦欢迎新人自荐，为有志投身事业之人大开方便之门。为进一步拓展国内市场，确立摩登3平台在内地娱乐市场的主流权威地位，提供注册、开户、登陆、线路测速等服务，欢迎大家加入摩登3娱乐平台,EG,,
dertilisagelos.com,Yes,,,,,,,,
paulroessler.com,,,,,,,,,
pinwheelplay.com,Yes,Yes,,,pinwheelplay.com,yb官网入口【yb16688.com 官方认证√】yb官网入口是一家集研发、生产、销售实验室仪器设备的专业公司，由机械工业部湘西科学仪器研究所组成的高新科技企业。手机客户端_网页版_,,,
fortkochi.net,,,,,,,,,
mafischersrestaurant.com,,,,,,,,,
butterfieldprovidence.com,,,,,,,,,
tempixo.com,,,,,,,,,
brunorolaw.com,Yes,,,Yes,NameBright - Domain Expired,,,,
maroen.com,,,,,,,,,
compaqlaptop-service.com,Yes,,,,,,,,
pasadenadaisy.com,,,,,,,,,
zhman.net,Yes,,,,,,AF,,
evacabrera.com,,,,,,,,,
joywithless.com,Yes,Yes,,,لذت کمتر داشتن - تا حالا فکر کرده بودید که میشه کمتر داشت و بیشتر خوشحال بود؟,,,,
terminalglasogon.com,,,,,,,,,
marctravelservices.com,Yes,,,,,,,,
fortunestraffic.com,Yes,Yes,,,Fortunestraffic.com,,SK,,
cinebolly.com,Yes,Yes,,,"Watch Full Movies & TV Shows Online Free – Bollywood, Hollywood, TV Channels - tvbollypro.com","Watch International and Bollywood shows and movies on tvbollypro.com for Free. Best & fastest streaming site for unlimited access to Movies, Anime, and TV Series online 2020",,,
mitiendadescrapbook.com,,,,,,,,,
mojalink.com,Yes,,,,,,,,
zilliogames.com,,,,,,,,,
pilgrimonline.net,Yes,,,Yes,PILGRIM LUTHERAN CHURCH & ,PG电子APP有限公司(pilgrimonline.net)是一家专注于水文水利、水务和环保领域监测设备研发和生产的国家级高新技术企业。PG电子APP官网以解决行业痛点、简化工程实施复杂度、提高产品可靠性和智能化水平作为公司研发和创新的方向...,,,
mytruewellness.net,,,,,,,,,
awakecroatia.com,,,,,,,,,
maltashootingsports.com,Yes,,,,,,,,
wooriwooriwoori.com,,,,,,,,,
dappakadai.com,Yes,Yes,,,Buy Cold Pressed Marachekku Oil | Chekku Ennai Price - Dappakadai,Dappakadai - Leading Marachekku Oil manufacturers providing natural cold pressed marachekku ennai to the customers. We assured 100% quality cold pressed oil.,,,
mochikaperubistro.com,,,,,,,,,
scubaadventurer.com,Yes,,,,,,,,
globalbumss.com,,,,,,,,,
nicolagibson.net,,,,,,,,,
upandcomingmag.com,Yes,,,,,,,,
thefanpool.com,Yes,,,,HugeDomains.com - Thefanpool.com is for sale (Thefanpool),,,,KW
angiesappetite.com,Yes,,,,,,,,
random-island.com,,,,,,,,,
lovepalette.net,Yes,,,,,,,,
nonhimalayannunsalliance.com,,,,,,,,,
werhatangerufen.com,Yes,Yes,,,Wer hat angerufen? Wem gehört die Telefonnummer? // WerHatAngerufen.com,"Wem gehört die Telefonnummer? Finden Sie heraus, wer Sie angerufen hat.",DE,,
sissysemporium.com,Yes,,,,,,US,,
slovakian-girls.com,,,,,,,,,
jobsitemobile.com,Yes,,,Yes,Simplicity in Scheduling and Field Service Management | Jobsite Mobile,,,,KW
pigironsports.com,,,,,,,,,
alpinereg.com,Yes,,,,,DropCatch.com helps you secure expiring domain names.,US,,
webdrifters.com,,,,,,,,,
kingleopoldsghost.com,,,,,,,,,
myhomevet.net,Yes,Yes,,,"Smart Marketing Move | Everything You Need To Market, Sell and Deliver Your Products Online.","Everything You Need To Market, Sell and Deliver Your Products Online.",SG,,KW
mydesignden.com,Yes,,,,,,,,
evolution-of-religion.com,,,,,,,,,
dolceaime.com,,,,,,,,,
goldengoosesaler.com,,,,,,,,,
yourcabmanager.com,Yes,,,,,江南体育app下载【信誉|首选】成立于2012年十多多年来，公司集团以引领全国分公司走向世界为愿景而成立，围绕国家提出的供给侧结构性改革生产和销售业务的高新技术企业。,SE,,
obosquemaxico.com,,,,,,,,,
opensuse-tutorials.com,,,,,,,,,
trmovie.com,Yes,,,,,友谊时光是领先的一体化及卓越的手机游戏开发商、发行商及运营商。自2010年成立以来，我们一直有策略地专注于女性向手机游戏，挖掘手机游戏行业及女性向游戏市场的增长潜力，打造了女性向中国古风游戏的自创品牌。,,,
kckabob.com,Yes,,,,,,,,
sosshaam.com,,,,,,,,,
dotnetglobe.com,Yes,,,,,,,,
stepbysteppresentations.com,Yes,,,,"Nora Firestone - Books and Writing, Web Design and Media-Relations Services and Instruction","Books and professional services and instructional training pertain to writing for business, publicity and media relation...",US,,KW
butternutfarmbandb.com,Yes,,,Yes - 3,Welcome to Butternut Farm Bed and Breakfast,Butternut Farm Bed and Breakfast - features rooms in the 1720 colonial home of Jonathan Hale.,,,
tedxcentennialparkwomen.com,Yes,,,,,,US,,
timberland-uk-boots.com,,,,,,,,,
debvanpoolen.com,Yes,,,,,long8，0571-87607052，杭州市余杭区余杭街道城东路5号,,,
drdavidanthony.com,,,,,,,,,
starkmanassociates.com,,,,,,,,,
reinventyourselfafterfifty.com,,,,,,,,,
coachingbusinesspro.com,Yes,,,,,(Gewinnen Sie das neue iPad!),DE,,
toituresstephanebergeron.com,Yes,,,,,,,,
caldwellprovisions.com,,,,,,,,,
americacantwait.com,,,,,,,,,
fromgrindtowhine.com,Yes,,,,From Grind to Whine | Being Mommy from first slurp to last sip,Being Mommy from first slurp to last sip,US,,
girjet.com,,Yes,,,N/A,,,,
williamsonandyoung.com,Yes,,,,,,,,
endobamacarenow.com,Yes,,,,Phone2Action ⚡ Status,,,,
isaidyesbook.com,Yes,,,,,,,,
spacecoastjetriders.com,Yes,,,,,,,,
nuttablog.com,,,,,,,,,
janeswrite.com,Yes,,,,,,,,
bedrockcreations.net,Yes,,,,,,,,
anotherchris.net,Yes,,,,,,FR,,
kickaaa.com,,,,,,,,,
alleghenygeotrail.com,,Yes,,,N/A,,,,
comfortschaumburg.com,Yes,,,,,,,,
poopays.com,,,,,,,,,
flicknamn.net,,,,,,,,,
beckybones.com,,,,,,,,,
designpopwizzz.com,Yes,,,,,,,,
kari-rose.com,,Yes,,,The Gorewhorror Show,"Kari Rose is the alias of a twenty-something perverted cutie from Scotland, obsessed with horror and all things kawaii.",,,
stonehousepubs.com,,,,,,,,,
mlbgear.net,,,,,,,,,
myhr-cvslogin.com,Yes,,,,,,,,
bushmansrevenge.com,,,,,,,,,
dinecapri.com,Yes,,,Yes - 102,Richard Accursio's Capri Restaurant ,,,,
c-mperformance.com,,,,,,,,,
digitalbrijesh.com,Yes,Yes,,,Digital Brijesh - Learn Affiliate Marketing & Blogging,"Digital Brijesh provides you tips on Blogging, Affiliate Marketing, Search Engine Optimization with in-depth articles.",IN,,
erektioongelmat.net,,,,,,,,,
piratesteamstore.com,Yes,,,,NameBright - Domain Expired,,,,
tsmtco.com,,,,,,,,,
qualityinnnortherngrand.com,,,,,,,,,
allmobitools.net,Yes,Yes,,,N/A,,PK,,
cookinghealthyfoods.com,Yes,,,,Recipes With Olive Oil -,"Recipes With Olive Oil highlights easy and delicious recipes using healthy, extra virgin olive oil (EVOO). Perfect for t...",,,
espressomachinecatalog.com,Yes,,,,Home - Royal Falcon Enterprises,,,,
borestoration-avondale.com,,,,,,,,,
sherforce.net,Yes,,,,,"桃花直播:(www.sherforce.net),最新中文字幕国产精品电影大片免费观看,久久夜艹视频全球最大的人人操人人乐人人超碰在线视频资源最多社区,99久热re在线精品996热欢迎您来体验不一样的感觉.",,,
v-revolution.com,Yes,,,,Test Page for the Apache HTTP Server & InterWorx-CP,,GB,,
mg-tri-jag.net,,,,,,,,,
daisyeyes.com,,,,,,,,,
businessamericaradio.com,,,,,,,,,
asilverphoto.com,,,,,,,,,
timmerman-yachts.com,,,,,,,,,
getfriendfund.com,,,,,,,,,
fixcat.net,,,,,,,,,
pluband.com,,,,,,,,,
vidtaggr.com,Yes,,,,,,,,
aroloma.com,,,,,,,,,
maximumsurvival.net,Yes,,,,Default Web Site Page,,,,
rootedandwildco.com,Yes,,,,Rooted & Wild Co,,,,
enticegh.com,Yes,,,,,"边摸边吃奶边做爽视频在线观看,黑人4o公分全部进入,欧美性xxxx极品高清hd,ass中国少妇裸体欣赏pics,欧美成人免费做真爱,97日日碰人人模人人澡,十八禁全彩无翼乌无遮挡",,,
breastio.com,Yes,,,,,,,,
dizzysdonuts.com,,,,,,,,,
thephoenixunderground.com,,,,,,,,,
cnreboot.com,Yes,,,,,,US,,
contemporary-doors.com,,,,,,,,,
professionalhomestaging.net,Yes,,,Yes - 1,PROFESSIONAL HOMESTAGING AND DESIGN ,,,,
safedietsthatwork.com,,,,,,,,,
selalutekno.com,Yes,,,,,"波多野结衣高清无碼中文字幕是一款喜欢看剧的用户们必备的手机看剧神器。在这里的很多视频播放的时候会十分的流畅,并且在这里关卡影视资源绝对没有任何的广告",ID,,
jobsinanywhere.com,Yes,,,,,,,,
personalinjurylawyerteam.com,Yes,,,,,,,,
cyberabhi.com,Yes,Yes,,,N/A,,IN,,
classwithapps.com,Yes,,,,,"xrk1_3_0ark在线观看人口美妙的音乐成人免费无码一级a片我们曾经第故事www.classwithapps.com,亚洲一级黄片万花筒精彩欧美午夜不卡在线观看免费视瞬间光芒四射。",,,
fatima-online.com,,,,,,,,,
freekarateinformation.com,,,,,,,,,
tippsxpert.com,Yes,,,,,"在线成人看片黄a免费看專業從事互動平臺,上萬網友分享情侣高潮又爽又无遮挡又免费心得,這裏匯聚了www.tippsxpert.com,亚洲天堂AV三级片等最新內容,快速了解国产免费一级毛卡片AAAAA级最新信息的好幫手！",RO,,
parishcapital.com,,,,,,,,,
completecareservice.com,,,,,,,,,
osteopathiecollege.com,,,,,,,,,
eventcentral.net,,,,,,,,,
korimakostudio.com,,,,,,,,,
rkarchidesigns.com,,,,,,,,,
davestoddard.com,,,,,,,,,
viannechocolat.com,,,,,,,,,
pipocavfx.com,Yes,,,,,"新葡的京集团·(350vip8888-中国VIP认证)·百度百科￥首存优惠100%￥真人、体育、电子、彩票、棋牌任你挑选,体育投注,注册即送,欢迎登录导航网站体验！",,,
tamborinemountainweddings.net,Yes,,,,Weddings - Destination Scenic Rim,,,,
shadowsonstars.com,,,,,,,,,
movedanceconv.com,Yes,,,,,,,,
nomnomasia.com,Yes,,,,Home Page - Nom Nom Asia - Indo Chinese & Thai Restaurant.,"The rise of Pan Asian-flavours from not just China and Hong Kong but Calcutta, Japan, Thailand, Vietnam, Korea, Burma, h...",,,
plussizeexpert.com,Yes,,,,Best Products for Big and Tall Guys - Guide for 2023,Discover the ultimate guide for products for big and tall guys. Find expert tips for comfortable and functional products...,,,KW
thevortexstudios.com,Yes,,,,,,,,
burmeseclassic.com,Yes,,,,Free 4 Reader,Free Knowledge... From People... To People,MM,,
hmangas.com,Yes,Yes,,,osCommerce,,IN,,
mydomaingenerator.com,,,,,,,,,
loopdealer.com,,,,,,,,,
galyeanvail.com,,,,,,,,,
sunsetpalmsresort.com,Yes,,,,,404 Not Found,,,
mateprincs.com,Yes,,,,Mateprincs | Inks for Printed Electronics,"Mateprincs is a company that manufacture and commercialize inket, screen and offset inks for printed electronics. Know m...",ES,,KW
nurses-directory.com,,,,,,,,,
globalacademicinstitute.com,Yes,Yes,,,Global Academic Institute - International Conferences,"International Academic Conferences on Business, Economics, Education & Social Sciences. The Global Academic Institute host Conferences Globally.",,,
qomolangmaglacier.com,,,,,,,,,
tadalafilcialis-5mg.com,,,,,,,,,
vintageshopglenellynil.com,Yes,,,,"Gather & Collect – Gather & Collect, a place of vintage in Glen Ellyn IL",,,,
lazorko.com,,,,,,,,,
broncomadness.com,,,,,,,,,
dragonlabs.net,Yes,,,,DragonLabs - Leading Blockchain Research,DragonLabs mainly focuses on blockchain research in order to bring the best experience to users and intends to develop b...,,,
cialison.com,,,,,,,,,
keepgif.com,Yes,Yes,,,KeepGif - Best place to find an create GIFs,"Find all GIFs, awesome, funny, LOL, WTF, cat, pet ... And create yours from Facebook, Youtube, Twitter or Instagram vide...",EG,,
quadsuk.net,Yes,,,,Winning Strategies for Online Car Auctions,Online car auctions offer convenience and accessibility for buying and selling vehicles. This guide provides tips and st...,GB,,
stonecarvingcourses.com,,,,,,,,,
perniaspa.com,Yes,,,,,Online car auctions offer convenience and accessibility for buying and selling vehicles. This guide provides tips and st...,,,
iggyandbella.com,,,,,,,,,
farwestmining.com,,,,,,,,,
groupe-novtech.com,,,,,,,,,
thevintagemovies.com,Yes,,,,,,DZ,,
suckhoehomnay.com,,,,,,,,,
ronschreiber.com,,,,,,,,,
jkums.com,Yes,,,,Journal of Kermanshah University of Medical Sciences | Peer-reviewed Medical Quarterly,Scope: General MedicineIndexed in:&nbsp;ISI Web of Science (BIOSIS Citation Index) and&nbsp;Embase,,,
lorsey.com,Yes,,,Yes,Bridge2Heaven Healing ,新金宝网投,,,
vp-soft.com,Yes,,,,,,,,
barthor.com,Yes,,,,,"mgm美高梅79906是一个世界领先的线上娱乐品牌,游戏涵盖体育、真人、电竞、彩票、棋牌,十年信誉品牌,安全靠谱稳定,更多精彩游戏等您来体验!",RU,,
theverybestman.com,,,,,,,,,
centralplainseye.com,Yes,,,Yes - 3,"Diabetic Eye Care | Wichita, KS | Central Plains Eye MDs",Central Plains Eye MDs are specialists in Wichita KS focusing diabetic eye care. Call (316) 712-4970 for an appointment.,,,KW
badtothebonemag.com,Yes,,,,,,,,
pinactionbowl.com,,Yes,,,Largest PDF Library,,,,
chernobyllab.com,,Yes,,,"ChernobylLab: Pro Tour To Chernobyl, Explorations, 1 or more days to Pripyat, Duga and more",Pro Chernobyl tours across 30 locations around Chernobyl Zone of Ukraine with 10+ years experienced team! Complex private adventure trips. Producing services for media. Legal. Custom. Educating.,,,KW
airport-guides.net,,,,,,,,,
worldma.net,,,,,,,,,
thesedrugs.com,,,,,,,,,
staceygood.com,,,,,,,,,
dvd-wizards.com,,,,,,,,,
to-ny-li.com,,,,,,,,,
imagicsoftware.com,,,,,,,,,
cryptovor.com,,,,,,,,,
risasingeryoga.com,,,,,,,,,
thebridetobeonline.com,,,,,,,,,
neenergyinc.com,,,,,,,,,
kolodouniform.com,,,,,,,,,
g-rods.com,,,,,,,,,
ravenbellazingaro.com,,,,,,,,,
megamillotter.com,,,,,,,,,
hostalelfrayletrujillo.com,,,,,,,,,
theradishdining.com,,,,,,,,,
paolasantoro.net,,,,,,,,,
georgepappaslaw.com,,,,,,,,,
uapages.com,,,,,,,,,
hudsonbec.com,,,,,,,,,
rushlinbaugh.com,,,,,,,,,
kabarec.com,,,,,,,,,
finalupgrade.net,,,,,,,,,
achat-moselle.com,,,,,,,,,
trendsactions.com,,,,,,,,,
chordomaexperience.com,,,,,,,,,
pathfinderband.com,,,,,,,,,
mendingwithgold.com,,Yes,,,Mending with Gold - Thrive Home Life!,Thrive Home Life!,,,
fitzscience.com,,,,,,,,,
bodegapop.com,,,,,,,,,
asystme.com,,,,,,,,,
smartyofficiel.com,,,,,,,,,
calzado-online.com,,,,,,,,,
cult-branding.com,,,,,,,,,
nurwanto.net,,,,,,,,,
mamachineasous.com,,,,,,,,,
backup-remote.com,,,,,,,,,
elearnaid.com,,Yes,,Yes - 6,"Specializing in: dictionaries including the Collins Cobuild, Oxford English Dictionary (OED), Webster's & Random House. auto parts, study skills and life improvement","Large collection of English Dictionaries on CD, Bilingual Dictionaries, Study Skills books(Understanding Improvement), English as a Second Language dictionaries, Grammar books, Palm Pilot Dictionaries, Business Management books",,,KW
congoads.com,,,,,,,,,
parislifemag.com,,,,,,,,,
rsdemon.net,,,,,,,,,
bridgefinance.net,,Yes,,,Defi Equity Swaps | Bridge Finance,"Equity Swap Financial Derivatives in Decentralised Finance, offering Equity Swaps to allow a bridge from Crypto to Stocks. Our aim is to unify the retail investing market for new age investors who trades both stocks and crypto currencies.",,,KW
trixpointcorp.com,,,,,,,,,
cambodiankidsfoundation.com,,,,,,,,,
globalent.net,,,,,,,,,
genxsummer.com,,,,,,,,,
tandemkayakreviews.com,,,,,,,,,
imolatile-usa.com,,,,,,,,,
poesia-sur.com,,,,,,,,,
militarywifeaftergod.com,,,,,,,,,
templatesfocus.com,,,,,,,,,
mitafrica.com,,,,,,,,,
viralmarketinghub.com,,Yes,,Yes,Animation Studio and Content Services – Viral Marketing Hub,"Viral Marketing hub is a Content Marketing and Animation studio with vast experience in making 2D, 3D Product Marketing Animation and, 3D Character Animations.",,,KW
homesteadgolfcourse.net,,,,,,,,,
puppyred.com,,Yes,,,로그인 - Faning,,,,
vkonfe.com,,,,,,,,,
ladybu.com,,,,,,,,,
marinecoastalcultures.com,,,,,,,,,
shopliberato.com,,Yes,,,LIBERATO – Liberato Earrings,,,,
theaviationwing.com,,,,,,,,,
superfishalsf.com,,,,,,,,,
employeesforethics.com,,,,,,,,,
dlssz.com,,,,,,,,,
whrill.com,,Yes,,,Whrill.com – Simple wedding ideas,,,,
nativecherokeepottery.com,,,,,,,,,
cleardatasports.com,,Yes,,,"Sports betting tips, trends, picks, & strategy. The top MLB Baseball handicapper using stats and software to predict and explain sports betting news.","Sports betting tips, trends, picks, & strategy. The top MLB Baseball handicapper using stats and software to predict and explain sports betting news.",,,
cloudcomputersguide.com,,,,,,,,,
carinsuranceforwashington.net,,,,,,,,,
zoo-constructor.com,,,,,,,,,
bravefrontierguide.net,,,,,,,,,
uoghealth.com,,,,,,,,,
innovatorsinhealthawards.net,,,,,,,,,
pandaupload.com,,,,,,,,,
draculietgandolfi.com,,,,,,,,,
sejarahqq.com,,,,,,,,,
aerotecgroup.com,,,,,,,,,
dffkitchens.com,,,,,,,,,
strategic-wealth.com,,,,,,,,,
chungerweld.com,,,,,,,,,
canadaprospects.com,,,,,,,,,
bethechangeventure.com,,,,,,,,,
agscapitalgroup.com,,,,,,,,,
dwbsongs.com,,,,,,,,,
hapiguide.com,,,,,,,,,
audiotechnicanewsroom.com,,,,,,,,,
dailyaflaknews.com,,,,,,,,,
rilawjournal.com,,,,,,,,,
jonversacds.com,,,,,,,,,
yojanakhabar.com,,Yes,,,N/A,,,,
bestipsmonitors.com,,Yes,,,10 Best IPS Monitors & Reviews | Feb 2021,Would you like to buy the Best IPS monitor for 2021? Check our reviews and top list and we help you to find the best prices!,,,
ssecollectivebrain.net,,Yes,,,SSE Collective Brain,"The SSE Collective Brain is a virtual interactive space aiming at enriching the ILO’s activities in the Social and Solidarity Economy (SSE). Its purpose is to encourage people to meet, keep involved, cooperate, share and deepen their knowledge, from across the globe. The SSE Collective Brain is a multilingual open space, so anyone interested in the Social and Solidarity Economy can use it and interact through its channels.",,,
wa-gire.com,,,,,,,,,
cslpress.com,,,,,,,,,
be-n-balance.com,,,,,,,,,
thecraftersfilebox.com,,,,,,,,,
seasonsdelicatering.com,,,,,,,,,
shiftershield.com,,Yes,,,"Margo Bond Collins | Author of Urban Fantasy, Paranormal Romance, Sci-Fi Romance, and Reverse Harem",,,,
tacofestjax.com,,,,,,,,,
mymarketingtoolbox.com,,,,,,,,,
uwaterlooframes.com,,,,,,,,,
lunarwireless.com,,Yes,,,Lunar Wireless,,,,
capemaytraditionaljazzsociety.com,,,,,,,,,
learn-guitar-review.com,,,,,,,,,
nirajshakya.com,,,,,,,,,
izbreaker.com,,,,,,,,,
rachelhofstetter.com,,,,,,,,,
hotnamelist.com,,,,,,,,,
kellyjohiggins.com,,,,,,,,,
wpideafactory.com,,,,,,,,,
allstarzparty.com,,,,,,,,,
thinkingliverpool.com,,,,,,,,,
continentalrailcorp.com,,,,,,,,,
resistenciathefilm.com,,,,,,,,,
guidinglightvideo.com,,,,,,,,,
mitecheck.com,,,,,,,,,
venerakazarova.com,,,,,,,,,
powerscourtarms.com,,,,,,,,,
tass-anime.com,,,,,,,,,
bucketlist127.com,,Yes,,,N/A,,,,
webmasterion.com,,,,,,,,,
zumba-classlocator.com,,,,,,,,,
smartroomsolutions.com,,,,,,,,,
spabutterfly.com,,,,,,,,,
bedbugbustersvirginia.com,,Yes,,Yes - 1,Home - Bed Bug Busters Virginia - Whole House Heat Treatment for Bed Bugs - Virginia Beach residents receive a Free Consultation,,,,
samsungindiasoft.com,,,,,,,,,
mypersonalbusinesscoach.com,,Yes,,,Welcome to My Personal Business Coach - Shelley Mitchell,,,,
marchforsciencesacramento.com,,,,,,,,,
purplekneesocks.com,,,,,,,,,
coderoute-fr.com,,,,,,,,,
rushlimbaw.com,,Yes,,,rushlimbaw.com,,,,
caterpillarpublishing.com,,,,,,,,,
toptierbakeryatx.com,,,,,,,,,
dovecanyonclub.com,,,,,,,,,
spasplurgecollection.com,,,,,,,,,
twinforksmusic.com,,,,,,,,,
owlkill.com,,,,,,,,,
jobsforeigners.com,,,,,,,,,
cheapsoftwaresite.com,,,,,,,,,
gamfay.com,,,,,,,,,
teenfolders.com,,,,,,,,,
awrite.net,,,,,,,,,
notsotrivial.net,,,,,,,,,
webjabber.net,,,,,,,,,
crossfitcc.com,,,,,,,,,
padrinotequila.com,,,,,,,,,
wholesomelyhomemade.com,,,,,,,,,
janilanemusic.com,,,,,,,,,
xgameszone.com,,,,,,,,,
scbflc.com,,Yes,,,N/A,,,,
downslawfirmpc.com,,,,,,,,,
amplifybusinessacademy.com,,,,,,,,,
inspirasiislami.com,,,,,,,,,
armittex.com,,,,,,,,,
dazuck.com,,,,,,,,,
artonbroadway.net,,,,,,,,,
islamicistikhara.com,,Yes,,,Get Powerful Islamic Istikhara and dua for Love Marriage,Are you Looking for Islamic istikhara and dua for Love marrriage or wazifa for love Then consult Our Molvi ji Islamic istikhara For Love or Islamic Istikhara,,,
interdok.com,,,,,,,,,
huntingtoncarpetcleaningny.com,,,,,,,,,
technicalinnovationcenter.com,,,,,,,,,
allwellfed.com,,,,,,,,,
1stkissmanga.com,,Yes,,,Just a moment...,,,,
artsuiteny.com,,,,,,,,,
kminomya.com,,Yes,,,kminomya.com,,,,
floridagroundpros.com,,,,,,,,,
business-biz.com,,Yes,,,Resurge,"Resurge. Discover a unique and efficient way to melt excess pounds of fat with this SIMPLE after-dinner RITUAL with Resurge! No diets and food restrictions, just 2 minutes a day and you ...",,,
21andmarried.com,,,,,,,,,
ciomag-events.com,,,,,,,,,
jonathanhernandez.com,,,,,,,,,
emporiodeltessuto.com,,,,,,,,,
umityangin.net,,,,,,,,,
avizsoft.com,,,,,,,,,
onlinecoursecreationsummit.com,,,,,,,,,
japandish.com,,,,,,,,,
justourthoughts.com,,,,,,,,,
radioambana.net,,,,,,,,,
rosemary-square.com,,,,,,,,,
back-in-control.com,,,,,,,,,
usvaporshop.com,,Yes,,,Best Online Vape Store | US Vapor Shop,"US Vapor Shop is the best online vape store. We have a vast selection of Vape Mods, E-Liquids & Accessories at low prices at our one-stop shop. Call 518-439-0609.",,,
mycostumecity.com,,,,,,,,,
mediangler.com,,,,,,,,,
freepumpkincarving.com,,,,,,,,,
hiphopmuse.com,,,,,,,,,
airworld-usa.com,,,,,,,,,
grafcalcwhiz.com,,,,,,,,,
voidblossom.com,,,,,,,,,
boundandbanged.com,,,,,,,,,
happyfunhour.com,,,,,,,,,
sobermomwrites.com,,,,,,,,,
thenewpublicmovie.com,,,,,,,,,
theofficialhotrod.com,,,,,,,,,
hdckempen.com,,,,,,,,,
jijasali.com,,,,,,,,,
webarrange.com,,,,,,,,,
cinematographyworld.com,,,,,,,,,
aecfashion.com,,,,,,,,,
atung.net,,,,,,,,,
airmoroccoflights.com,,,,,,,,,
capacitym.com,,,,,,,,,
baitandtackle411.com,,,,,,,,,
tlotf.com,,,,,,,,,
hdgul.com,,Yes,,,HDgul.com – Latest Hindi Punjabi Songs Lyrics,,,,
everythingobsessed.com,,Yes,,,N/A,,,,
treespeedphoto.com,,,,,,,,,
paulbrucks.com,,,,,,,,,
accesselitehealth.com,,,,,,,,,
jhudgins.com,,,,,,,,,
eauffman.com,,,,,,,,,
wobbleme.com,,,,,,,,,
brocantehomecollection.com,,,,,,,,,
whizthemes.com,,Yes,,,Whiz Themes,,,,
haciendaaustin.com,,,,,,,,,
engineersweb.net,,,,,,,,,
thunderheartbison.com,,,,,,,,,
dawnnicoledesigns.com,,,,,,,,,
ouachitalk.com,,,,,,,,,
sienasays.com,,,,,,,,,
getfitwithmich.com,,,,,,,,,
speedcityperformance.com,,,,,,,,,
noticiaspalmeiras.com,,,,,,,,,
foldingtablefurniture.com,,,,,,,,,
totalmediatracks.com,,,,,,,,,
trustorrun.com,,Yes,,,Everything Small Business | TrustOrRun™,"Online Hub For Entrepreneurs, Business Owners & Small Businesses • Start • Grow • Market Your Business.",,,KW
hotelsbyme.com,,,,,,,,,
www-avgcomretail.com,,,,,,,,,
redwindow.net,,,,,,,,,
mexicoabroad.com,,,,,,,,,
swimtoslim.com,,,,,,,,,
character-warehouse.com,,,,,,,,,
desiscreen.com,,,,,,,,,
lechocoholique.com,,,,,,,,,
thepetsupplystore.net,,,,,,,,,
babylovespink.com,,Yes,,,Baby Loves Pink - Cute jewelry and kawaii accessories.,Online shop selling handmade cute jewelry and kawaii accessories.,,,
sealiveaboards.com,,,,,,,,,
murcp.com,,,,,,,,,
dolphinnatural.com,,,,,,,,,
seraphellic.net,,,,,,,,,
ushostmail.com,,Yes,,,ushostmail.com,,,,
market-research-report.com,,,,,,,,,
patagoniajournal.com,,,,,,,,,
discoverokinawa.net,,,,,,,,,
schooltechconnect.com,,,,,,,,,
montserratnationaltrust.com,,,,,,,,,
kora-elyoum.com,,,,,,,,,
chsathleticboosterclub.com,,,,,,,,,
johnabela.com,,,,,,,,,
bassfacelive.com,,,,,,,,,
bedroomcomfy.com,,Yes,,,Bedroom Comfy - Bedroomcomfy provides users with the latest bedroom improvement and makeover ideas and how to decorate the bedroom with awesome bedroom essentials.,Bedroomcomfy provides users with the latest bedroom improvement and makeover ideas and how to decorate the bedroom with awesome bedroom essentials.,,,
hockeygalleryjerseys.com,,,,,,,,,
jerseycheese.com,,,,,,,,,
theyogafactorydallas.com,,,,,,,,,
houke88.com,,Yes,,,N/A,,,,
mfanews.net,,Yes,,,MFA NEWS - BEST WEBSITE FOR NEWS,BEST WEBSITE FOR NEWS,,,
fearlesstattoo.com,,,,,,,,,
alfredoalexanderbrightsmiles.com,,,,,,,,,
laryngeal-cleft.com,,,,,,,,,
ayepod.net,,,,,,,,,
watchdorm.com,,,,,,,,,
sitadevi.com,,,,,,,,,
ottawasportshalloffame.com,,,,,,,,,
crinyc.com,,,,,,,,,
shinethedivinecreativityisaspiritualpractice.com,,,,,,,,,
tinatealady.com,,,,,,,,,
galwaydanceproject.com,,,,,,,,,
previewsqlserver.com,,,,,,,,,
liveitupaz.com,,,,,,,,,
britanniaarmsdeanza.com,,Yes,,Yes - 247,Britannia Arms Cupertino Photos ,,,,
glostart.com,,,,,,,,,
nibblesskribbles.com,,,,,,,,,
auroraplasticscorp.com,,Yes,,,Aurora Plastics Corporation,,,,
rorysautotek.com,,,,,,,,,
animefused.com,,,,,,,,,
cybersecurityglossary.com,,,,,,,,,
tajirq.com,,,,,,,,,
universitiesnet.com,,,,,,,,,
antwerpantiquesmarket.com,,,,,,,,,
elconcenter.com,,,,,,,,,
acastillolawoffice.com,,,,,,,,,
frascacaffe.com,,,,,,,,,
valuecreationpartners.com,,,,,,,,,
decorcus.com,,,,,,,,,
reflectiveinklings.com,,,,,,,,,
closetsensation.com,,,,,,,,,
besttestosteroneboosterguide.com,,,,,,,,,
pixelsweatshop.com,,Yes,,,"Web Design & Development | Victoria, BC | Pixel Sweatshop","Pixel Sweatshop specializes in Drupal Content Management System (CMS) web design and development. We develop applications for our clients on free Open Source software, letting us leverage the collective work of tens of thousands of developers. Giving us an incredibly robust and stable base to start projects and giving our clients the best and most affordable tools available. We also offer custom logo and print design services to go along with your new website.",,,KW
barbaraveyreaders.com,,,,,,,,,
marushin-s.com,,,,,,,,,
theainsworthgroup.com,,,,,,,,,
defactosalons.com,,,,,,,,,
partytimeprodj.com,,,,,,,,,
ecasiocentre.com,,Yes,,,N/A,,,,
supernannyrules.com,,,,,,,,,
notasdetinta.com,,,,,,,,,
lamf.net,,,,,,,,,
absolutbodycontour.com,,Yes,,Yes - 2,Absolut Body Contour ,,,,
othrsource.com,,Yes,,,A Retail Merchandising and In-Store Services Company | OTHRSource,OTHRSource helps emerging brands succeed in business with affordable and professional retail merchandising services like restocking and price checks.,,,KW
vanintgrp.com,,,,,,,,,
restaurant-politia.com,,,,,,,,,
heathermelone.com,,,,,,,,,
sengamesstudio.com,,,,,,,,,
phxarizonarealestate.com,,,,,,,,,
orientartoccident.com,,,,,,,,,
belvedere-holiday-club.com,,,,,,,,,
hamroportugal.com,,Yes,,,Home - Live in Portugal,"Hamro Portugal is related all about Europe, News, Travel, History, Technology, Apps, Smartphones, Tips and Tricks, and other mores. Full of Technology world",,,
onlineauctionexchange.com,,,,,,,,,
hairlossdefense.com,,,,,,,,,
ga-sports.com,,,,,,,,,
finnovationworld.com,,Yes,,,Finnovation World Series,"Finnovation FinTech events in Africa: The impact of Blockchain, AI, Mobile Money, Digital Wallets and Payment innovations in Africa.",,,
standrewswalden.com,,,,,,,,,
blisssk8shop.com,,,,,,,,,
upearlywithamy.com,,,,,,,,,
ricobugle.com,,,,,,,,,
ledquotations.com,,,,,,,,,
fasteasyrecipe.com,,,,,,,,,
forextradingplatformreviews.com,,,,,,,,,
milkavujovic.com,,,,,,,,,
harrywbrooks.com,,Yes,,,N/A,,,,
digitalpicturesrecovery.net,,,,,,,,,
closely.com,,,,,,,,,
carinsurancequoteson.com,,,,,,,,,
elverumby.com,,,,,,,,,
handmadeboyblog.com,,,,,,,,,
vintageteardown.com,,,,,,,,,
pierretombal.com,,,,,,,,,
anupamghose.com,,,,,,,,,
en-ribotgallery.com,,,,,,,,,
tunnidge.com,,,,,,,,,
cialisonlcialisrx.com,,Yes,,,"Biography Guru | Biography Of Famous Persons, Bloggers, Actors","Biography of Famous Persons, Bloggers, Actors",,,
thehalfshow.com,,,,,,,,,
joecarabase.com,,,,,,,,,
dublinbricklayers.com,,,,,,,,,
teacherhelpforparents.com,,,,,,,,,
pamperhouse.com,,,,,,,,,
rockymtnbioinvest.com,,,,,,,,,
amclend.com,,,,,,,,,
a-new-york-lawyer.com,,,,,,,,,
barbeedetectors.com,,,,,,,,,
balancechakra.com,,,,,,,,,
ghjunket.com,,Yes,,,GH Junket | Best Junket Service in Asia,,,,KW
foremosthomes.com,,,,,,,,,
delraybeachmover.com,,,,,,,,,
villavalencia.com,,Yes,,,Luxury Condo Residences in Coral Gables | Villa Valencia,Villa Valencia is a ultra luxury condominium project on the private side of Coral Gables featuring 39 residences with beautiful views and fine finishes.,,,KW
treetopsbelize.com,,Yes,,,N/A,,,,
twistedcarbon.com,,,,,,,,,
bartinebcilerasm.com,,Yes,,,403 Forbidden,,,,
supportyork.com,,,,,,,,,
avtoprice.com,,,,,,,,,
nadiamasood.com,,Yes,,,"Nadia Masood - A blog on halal lifestyle, travel and food.","A blog on halal lifestyle, travel and food.",,,
diycondensermics.com,,,,,,,,,
insidercoding.com,,,,,,,,,
mareagear.com,,Yes,,,"No Live Bait, No Worries. Checkout Our Lifelike Bait Fish Lures !",Fishing Lures that Mimic Lifelike Bait Fish. Such as Mullet - Pin Fish - Sardine - Goggle Eye - Shiner - and More.. Enticing all Game Fish that Naturally DEVOUR our Lur,,,
eobridalshow.com,,,,,,,,,
ukrainiangenocide.com,,,,,,,,,
wu-to.com,,,,,,,,,
coachforjp.net,,Yes,,,N/A,,,,
standwithgreece.com,,,,,,,,,
upgawa.com,,,,,,,,,
jessicadoyle.com,,Yes,,,Art & Musings | by Jessica Doyle,,,,
energymedicinehealers.com,,,,,,,,,
oraltronics.com,,,,,,,,,
bustamanteinternational.com,,,,,,,,,
mdwebpro.com,,,,,,,,,
exoticcatnetwork.com,,,,,,,,,
qwerhf.com,,,,,,,,,
ustscreens.com,,Yes,,,UST Screens | Ultra Short-throw Ambient Light Projection Screen,,,,
slwoods.com,,,,,,,,,
saharacityhomes.com,,,,,,,,,
reprovintageclothing.com,,,,,,,,,
libertycycleinc.com,,,,,,,,,
mbbpower.com,,,,,,,,,
power-of-giving.com,,,,,,,,,
rayuelalibros.com,,,,,,,,,
yanshanpcgc.com,,,,,,,,,
webmediait.com,,,,,,,,,
oak-editions.com,,,,,,,,,
articledirectorystore.com,,,,,,,,,
davidgouldmusic.com,,,,,,,,,
hackthefog.com,,,,,,,,,
caiusmcr.com,,,,,,,,,
sobe-cfg.com,,,,,,,,,
catfightingbabes.com,,,,,,,,,
kwfgrid.net,,,,,,,,,
nnamegenerators.com,,,,,,,,,
mykonostavernaatlanta.com,,,,,,,,,
lehighvalleylittleones.com,,Yes,,,Majalah wanita,Majalah wanita,,,
velvetmorningpress.com,,,,,,,,,
okcityplumbing.com,,,,,,,,,
potomacreschool.com,,,,,,,,,
sportsfootballgames.com,,,,,,,,,
ecardisland.com,,,,,,,,,
philosotroll.com,,,,,,,,,
wisdomangermanagement.com,,,,,,,,,
waitingtodry.com,,,,,,,,,
witherspoonspattaya.net,,,,,,,,,
landfillfree.com,,,,,,,,,
komorebicyclingteam.com,,,,,,,,,
kdramakorea.com,,Yes,,,N/A,,,,
pc-counselor.com,,,,,,,,,
fusejs.com,,,,,,,,,
lillylabs.com,,,,,,,,,
hoteldorantes.com,,,,,,,,,
beechmtnchamber.com,,,,,,,,,
texasfhamortgageloanlenders.com,,,,,,,,,
theprprofessional.com,,,,,,,,,
edgemontny.com,,Yes,,,Edgemontny.com,,,,
balancesycertificaciones.net,,,,,,,,,
langrev.com,,,,,,,,,
satyarai.com,,,,,,,,,
rockhandrecords.com,,,,,,,,,
ionicpaint.com,,Yes,,Yes,Paint Additive for Indoor Smells & Odor | Ionic Paint,The Ionic Paint Additive removes various indoor odors from your home. A permanent air purification system to eliminate offensive smells.,,,KW
thisbighappy.com,,,,,,,,,
cheahamentalhealth.com,,,,,,,,,
spencerroloson.com,,,,,,,,,
indentvoice.com,,,,,,,,,
globe-images.com,,,,,,,,,
cnbluestorm.com,,,,,,,,,
lucymerchant.com,,,,,,,,,
mvhomeinspections.com,,,,,,,,,
xpmissions.com,,,,,,,,,
netbreezeinc.com,,,,,,,,,
moringasiam.com,,Yes,,,Moringa: The Miracle Tree - Moringasiam.com,Moringa could cure nearly 300 diseases. Discover all information about Moringa and other mult- benefits plants on our website.,,,KW
cyberstumble.com,,Yes,,,Cyber Stumble - Connect With Latest Updates,"Stick yourself with Cyber Stumble to find gist regarding official Android Apps, IOS and Windows application software, Gaming and Secret tech tricks.",,,
mywildoak.com,,Yes,,,Wild Oak,"Handprinted organic tees & bodysuits. Carefully curated children’s apparel and toys. Thoughtful baby items. Wild Oak, My Wild Oak",,,
gardenroomloveland.com,,,,,,,,,
idioprag.com,,,,,,,,,
wanaelife.com,,,,,,,,,
dasssrl.com,,,,,,,,,
rosmufta.com,,Yes,,,Муфты промышленные всех типов,Муфты промышленные. Производство и поставка РОСМУФТА,,,
bethehappysoul.com,,,,,,,,,
golimoncello.com,,,,,,,,,
kandcobridal.com,,,,,,,,,
leppalimo.com,,,,,,,,,
kylieoralobell.net,,Yes,,,Baccarat Casino Australia - How to Play Online,How to Play Online,,,
pinkfeatherphotography.com,,,,,,,,,
calgaryclothdiaperdepot.com,,Yes,,,Calgary Cloth Diaper Depot - Cloth Diapers Canada,Cloth Diapers Canada. Committed to offering the best prices in cloth diapers and accessories. Look for our new line of eco friendly products and reusable products. Free Shipping Everyday in Canada,,,KW
russellgoldenberg.com,,,,,,,,,
theelevationico.com,,,,,,,,,
venturasbridal.com,,,,,,,,,
appetitesite.com,,,,,,,,,
pojknamn.net,,,,,,,,,
mas-hz.com,,,,,,,,,
